{
  "模型": "PINN (溶氧动力学)",
  "时间": "2026-02-11 20:04:00",
  "物理方程": "dDO/dt = K_La*(DO_sat(T)-DO) - R_fish(T) - R_bio + P_photo",
  "结果": {
    "红光": {
      "MAE": 1.8656145222061027,
      "RMSE": 2.162822597924605,
      "best_val_mae": 1.0143206119537354,
      "learned_params": {
        "K_La": 1.3497097492218018,
        "P_photo_rate": 0.06778927892446518,
        "R_bio": 0.7768633365631104,
        "R_fish_base": 1.568697214126587,
        "T_ref": 25.000001907348633,
        "alpha_T": 0.03412327170372009
      },
      "n_data": 419
    },
    "喀左": {
      "MAE": 0.5071453505932955,
      "RMSE": 0.645784744346212,
      "best_val_mae": 0.6909029483795166,
      "learned_params": {
        "K_La": 1.366621494293213,
        "P_photo_rate": 0.07092813402414322,
        "R_bio": 0.7250770330429077,
        "R_fish_base": 1.445613980293274,
        "T_ref": 25.000001907348633,
        "alpha_T": 0.03346298262476921
      },
      "n_data": 183
    }
  }
}