变量,描述,MAE,RMSE,MAPE(%),Coverage(80%),方法,模块数
水温_日均,日均水温,0.8844899041312073,1.0217118862037122,4.507126855369376,0.9285714285714286,多模块集成(5个),5
溶氧mg/L,溶氧浓度,0.5777618081229072,0.6960790453130593,5.774269913970409,1.0,多模块集成(5个),5
氨氮mg/L,氨氮浓度,0.1781272837080004,0.21207571896606367,51.98152467759296,0.6428571428571429,日聚合回退,0
气温_日均,日均气温,2.5077733811878025,2.989743017775239,13.450506083441866,0.7857142857142857,多模块集成(5个),5
