变量,描述,MAE,RMSE,MAPE(%),Coverage(80%),方法,模块数
水温_日均,日均水温,0.7419429561070032,0.8038286025720421,3.6112133208673383,1.0,多模块集成(5个),5
溶氧mg/L,溶氧浓度,1.3476084096091134,1.6857116679018267,15.599348276235354,0.5,多模块集成(5个),5
气温_日均,日均气温,1.3493977810087656,1.6653988314980235,6.854089003569721,0.9285714285714286,多模块集成(5个),5
