{
  "版本": "v1.1",
  "任务": "鱼类死亡",
  "描述": "鱼类是否发生死亡（二分类）",
  "时间": "2026-02-11 21:15:06",
  "改进点": [
    "PINN 物理特征注入（7个新特征）",
    "时序趋势特征增强（7个新特征）",
    "域自适应实例加权",
    "移除高域偏移特征",
    "更强正则化（max_depth=4, L1/L2增强）",
    "F1-最优阈值: 0.55"
  ],
  "PINN参数": {
    "K_La": 1.35815,
    "R_fish_base": 1.50715,
    "alpha_T": 0.0338,
    "R_bio": 0.751,
    "P_photo_rate": 0.06935,
    "T_ref": 25.0
  },
  "交叉验证": {
    "F1_mean": 0.43887339532789377,
    "F1_std": 0.012572871302509891,
    "AUC_mean": 0.8154350541747807,
    "AUC_std": 0.013504660705642876
  },
  "验证集": {
    "数据集": "验证集_红光",
    "任务": "鱼类死亡",
    "阈值": 0.5499999999999998,
    "样本数": 4394,
    "正样本数": 600,
    "正样本比例": "13.7%",
    "Accuracy": 0.8095129722348657,
    "Precision": 0.3738019169329074,
    "Recall": 0.585,
    "F1-Score": 0.45614035087719296,
    "ROC-AUC": 0.8167042259708311,
    "AP": 0.3971897822527329
  },
  "独立测试集_喀左": {
    "数据集": "测试集_喀左",
    "任务": "鱼类死亡",
    "阈值": 0.5499999999999998,
    "样本数": 9900,
    "正样本数": 296,
    "正样本比例": "3.0%",
    "Accuracy": 0.872020202020202,
    "Precision": 0.04498594189315839,
    "Recall": 0.16216216216216217,
    "F1-Score": 0.07043286867204696,
    "ROC-AUC": 0.6498583782658127,
    "AP": 0.043587103163058125
  },
  "Top10特征": [
    "光照时长h",
    "溶氧_有效",
    "最高湿度%",
    "光照_峰值",
    "气温_std",
    "气温_日均_roll7d_mean",
    "湿度_日均_roll7d_mean",
    "最高水温℃",
    "水温_std",
    "pinn_P_photo"
  ],
  "vs_v1.0": {
    "任务": "鱼类死亡",
    "验证集_红光": {
      "v1.0_AUC": 0.8687691091196627,
      "v1.1_AUC": 0.8167042259708311,
      "v1.0_F1": 0.5207907293796864,
      "v1.1_F1": 0.45614035087719296,
      "AUC_变化": "-5.21%",
      "F1_变化": "-6.47%"
    },
    "测试集_喀左": {
      "v1.0_AUC": 0.5413809139210014,
      "v1.1_AUC": 0.6498583782658127,
      "v1.0_F1": 0.031185031185031187,
      "v1.1_F1": 0.07043286867204696,
      "AUC_变化": "+10.85%",
      "F1_变化": "+3.92%"
    }
  }
}