{
  "版本": "v1.1",
  "任务": "蔬菜病害",
  "描述": "蔬菜是否发生病害（二分类）",
  "时间": "2026-02-11 21:14:59",
  "改进点": [
    "PINN 物理特征注入（7个新特征）",
    "时序趋势特征增强（7个新特征）",
    "域自适应实例加权",
    "移除高域偏移特征",
    "更强正则化（max_depth=4, L1/L2增强）",
    "F1-最优阈值: 0.56"
  ],
  "PINN参数": {
    "K_La": 1.35815,
    "R_fish_base": 1.50715,
    "alpha_T": 0.0338,
    "R_bio": 0.751,
    "P_photo_rate": 0.06935,
    "T_ref": 25.0
  },
  "交叉验证": {
    "F1_mean": 0.5815942884610281,
    "F1_std": 0.004765658502938021,
    "AUC_mean": 0.8959590456674891,
    "AUC_std": 0.004315169981583094
  },
  "验证集": {
    "数据集": "验证集_红光",
    "任务": "蔬菜病害",
    "阈值": 0.5599999999999998,
    "样本数": 4394,
    "正样本数": 666,
    "正样本比例": "15.2%",
    "Accuracy": 0.836140191169777,
    "Precision": 0.4748134328358209,
    "Recall": 0.7642642642642643,
    "F1-Score": 0.5857307249712314,
    "ROC-AUC": 0.891322384616376,
    "AP": 0.5605346559185308
  },
  "独立测试集_喀左": {
    "数据集": "测试集_喀左",
    "任务": "蔬菜病害",
    "阈值": 0.5599999999999998,
    "样本数": 9900,
    "正样本数": 718,
    "正样本比例": "7.3%",
    "Accuracy": 0.9210101010101011,
    "Precision": 0.470856102003643,
    "Recall": 0.7200557103064067,
    "F1-Score": 0.5693832599118943,
    "ROC-AUC": 0.8879222943763656,
    "AP": 0.5137422103836299
  },
  "Top10特征": [
    "光照时长h",
    "最低气温℃",
    "EC_有效",
    "光照_峰值",
    "最高湿度%",
    "湿度_日均_roll7d_std",
    "最高气温℃",
    "pinn_P_photo",
    "气温_日均_roll3d_std",
    "湿度_日均_roll7d_mean"
  ],
  "vs_v1.0": {
    "任务": "蔬菜病害",
    "验证集_红光": {
      "v1.0_AUC": 0.9357898671203392,
      "v1.1_AUC": 0.891322384616376,
      "v1.0_F1": 0.675433353257621,
      "v1.1_F1": 0.5857307249712314,
      "AUC_变化": "-4.45%",
      "F1_变化": "-8.97%"
    },
    "测试集_喀左": {
      "v1.0_AUC": 0.8714305844849648,
      "v1.1_AUC": 0.8879222943763656,
      "v1.0_F1": 0.5557564798071127,
      "v1.1_F1": 0.5693832599118943,
      "AUC_变化": "+1.65%",
      "F1_变化": "+1.36%"
    }
  }
}