变量,描述,MAE,RMSE,MAPE(%),Coverage(80%)
水温_日均,日均水温,0.6587360704099974,0.8911402551791219,3.3774044393345775,0.9285714285714286
溶氧mg/L,溶氧浓度,0.4860457312229044,0.5503668251154,5.26073648733231,0.9285714285714286
气温_日均,日均气温,0.9372421545383739,1.3777729236762375,5.155416710550894,0.9285714285714286
