变量,描述,MAE,RMSE,MAPE(%),Coverage(80%)
水温_日均,日均水温,0.34194910374394233,0.4289706673698665,1.724948761189251,0.8571428571428571
溶氧mg/L,溶氧浓度,0.6814214827895465,0.7982115351282921,7.964352503769678,0.7857142857142857
气温_日均,日均气温,1.584967318257327,1.9622372982629237,7.105777077569283,0.7857142857142857
