{
  "任务": "鱼类死亡",
  "描述": "鱼类是否发生死亡（二分类：有/无）",
  "时间": "2026-02-11 19:11:44",
  "数据增强": false,
  "交叉验证": {
    "F1_mean": 0.5201945961864551,
    "F1_std": 0.012587478920388256,
    "AUC_mean": 0.8649437500466185,
    "AUC_std": 0.009064126278818826
  },
  "验证集": {
    "数据集": "验证集_红光",
    "任务": "鱼类死亡",
    "样本数": 4394,
    "正样本数": 600,
    "正样本比例": "13.7%",
    "Accuracy": 0.8400091033227128,
    "Precision": 0.4405997693194925,
    "Recall": 0.6366666666666667,
    "F1-Score": 0.5207907293796864,
    "ROC-AUC": 0.8687691091196627,
    "AP (Average Precision)": 0.5113664418413746
  },
  "独立测试集_喀左": {
    "数据集": "测试集_喀左",
    "任务": "鱼类死亡",
    "样本数": 9900,
    "正样本数": 296,
    "正样本比例": "3.0%",
    "Accuracy": 0.9058585858585858,
    "Precision": 0.02252252252252252,
    "Recall": 0.05067567567567568,
    "F1-Score": 0.031185031185031187,
    "ROC-AUC": 0.5413809139210014,
    "AP (Average Precision)": 0.03150735115876469
  },
  "Top10特征": [
    "光照时长h",
    "能耗km/h",
    "溶氧_有效",
    "种植床1液位上限距种植床表面距离cm",
    "种植床2液位上限距种植床表面距离cm",
    "最高水温℃",
    "最高湿度%",
    "气温_日均_roll7d_mean",
    "水温_日均_roll7d_std",
    "最低气温℃"
  ]
}