{
  "任务": "蔬菜病害",
  "描述": "蔬菜是否发生病害（二分类：有/无）",
  "时间": "2026-02-11 19:11:38",
  "数据增强": false,
  "交叉验证": {
    "F1_mean": 0.6808562270730137,
    "F1_std": 0.00582597626269081,
    "AUC_mean": 0.9352718648385053,
    "AUC_std": 0.005068381474978395
  },
  "验证集": {
    "数据集": "验证集_红光",
    "任务": "蔬菜病害",
    "样本数": 4394,
    "正样本数": 666,
    "正样本比例": "15.2%",
    "Accuracy": 0.8764223941738735,
    "Precision": 0.5610724925521351,
    "Recall": 0.8483483483483484,
    "F1-Score": 0.675433353257621,
    "ROC-AUC": 0.9357898671203392,
    "AP (Average Precision)": 0.7053736036406627
  },
  "独立测试集_喀左": {
    "数据集": "测试集_喀左",
    "任务": "蔬菜病害",
    "样本数": 9900,
    "正样本数": 718,
    "正样本比例": "7.3%",
    "Accuracy": 0.9255555555555556,
    "Precision": 0.48990435706695007,
    "Recall": 0.6420612813370473,
    "F1-Score": 0.5557564798071127,
    "ROC-AUC": 0.8714305844849648,
    "AP (Average Precision)": 0.4578881130674952
  },
  "Top10特征": [
    "光照时长h",
    "能耗km/h",
    "最低气温℃",
    "EC_有效",
    "湿度_日均_roll7d_std",
    "光照_峰值",
    "最高湿度%",
    "气温_日均_lag3d",
    "气温_日均_roll3d_std",
    "种植床2液位上限距种植床表面距离cm"
  ]
}