{
  "版本": "v1.2",
  "任务": "蔬菜病害",
  "描述": "蔬菜是否发生病害（二分类）",
  "时间": "2026-02-11 22:00:13",
  "改进点": [
    "PINN 反事实合成正样本",
    "两阶段迁移学习: 红光预训练 → 喀左 10% 微调",
    "域自适应实例加权",
    "PINN 物理特征 + 时序趋势特征",
    "F1-最优阈值: 0.74"
  ],
  "迁移学习": {
    "喀左微调比例": 0.1,
    "喀左微调样本数": 990,
    "喀左测试样本数": 8910,
    "预训练_喀左AUC": 0.8687756436961088,
    "微调后_喀左AUC": 0.94164850940631
  },
  "验证集": {
    "数据集": "验证集_红光",
    "任务": "蔬菜病害",
    "阈值": 0.7400000000000001,
    "样本数": 4394,
    "正样本数": 666,
    "正样本比例": "15.2%",
    "Accuracy": 0.88893946290396,
    "Precision": 0.6328358208955224,
    "Recall": 0.6366366366366366,
    "F1-Score": 0.6347305389221557,
    "ROC-AUC": 0.9244569139955406,
    "AP": 0.658835454964248
  },
  "测试集_喀左": {
    "数据集": "测试集_喀左_90%",
    "任务": "蔬菜病害",
    "阈值": 0.7400000000000001,
    "样本数": 8910,
    "正样本数": 646,
    "正样本比例": "7.3%",
    "Accuracy": 0.9462401795735129,
    "Precision": 0.6357723577235772,
    "Recall": 0.6052631578947368,
    "F1-Score": 0.6201427438540841,
    "ROC-AUC": 0.94164850940631,
    "AP": 0.6320612540779897
  },
  "Top10特征": [
    "光照时长h",
    "最低气温℃",
    "EC值ms/cm",
    "EC_有效",
    "光照_峰值",
    "湿度_日均_roll7d_mean",
    "湿度_日均_roll7d_std",
    "最高湿度%",
    "最高气温℃",
    "pinn_P_photo"
  ],
  "版本对比": {
    "任务": "蔬菜病害",
    "v1.0": {
      "AUC": 0.8714305844849648,
      "F1": 0.5557564798071127,
      "Recall": 0.6420612813370473
    },
    "v1.1": {
      "AUC": 0.8879222943763656,
      "F1": 0.5693832599118943,
      "Recall": 0.7200557103064067
    },
    "v1.2": {
      "AUC": 0.94164850940631,
      "F1": 0.6201427438540841,
      "Recall": 0.6052631578947368
    }
  }
}