{
  "版本": "v1.2",
  "任务": "鱼类死亡",
  "描述": "鱼类是否发生死亡（二分类）",
  "时间": "2026-02-11 22:00:16",
  "改进点": [
    "PINN 反事实合成正样本",
    "两阶段迁移学习: 红光预训练 → 喀左 10% 微调",
    "域自适应实例加权",
    "PINN 物理特征 + 时序趋势特征",
    "F1-最优阈值: 0.55"
  ],
  "迁移学习": {
    "喀左微调比例": 0.1,
    "喀左微调样本数": 990,
    "喀左测试样本数": 8910,
    "预训练_喀左AUC": 0.5378336226962595,
    "微调后_喀左AUC": 0.8333778395549262
  },
  "验证集": {
    "数据集": "验证集_红光",
    "任务": "鱼类死亡",
    "阈值": 0.55,
    "样本数": 4494,
    "正样本数": 700,
    "正样本比例": "15.6%",
    "Accuracy": 0.7866043613707165,
    "Precision": 0.4037174721189591,
    "Recall": 0.7757142857142857,
    "F1-Score": 0.5310513447432763,
    "ROC-AUC": 0.8648153098877929,
    "AP": 0.593650538345544
  },
  "测试集_喀左": {
    "数据集": "测试集_喀左_90%",
    "任务": "鱼类死亡",
    "阈值": 0.55,
    "样本数": 8910,
    "正样本数": 266,
    "正样本比例": "3.0%",
    "Accuracy": 0.9554433221099887,
    "Precision": 0.22127659574468084,
    "Recall": 0.19548872180451127,
    "F1-Score": 0.20758483033932135,
    "ROC-AUC": 0.8333778395549262,
    "AP": 0.15947866901102536
  },
  "Top10特征": [
    "光照时长h",
    "高温天数_7d",
    "trend_水温_3d",
    "溶氧_有效",
    "最高湿度%",
    "氨氮mg/L",
    "气温_std",
    "最高水温℃",
    "湿度_日均_roll7d_mean",
    "光照_峰值"
  ],
  "版本对比": {
    "任务": "鱼类死亡",
    "v1.0": {
      "AUC": 0.5413809139210014,
      "F1": 0.031185031185031187,
      "Recall": 0.05067567567567568
    },
    "v1.1": {
      "AUC": 0.6498583782658127,
      "F1": 0.07043286867204696,
      "Recall": 0.16216216216216217
    },
    "v1.2": {
      "AUC": 0.8333778395549262,
      "F1": 0.20758483033932135,
      "Recall": 0.19548872180451127
    }
  }
}